Id,Name,Age,Gender,Location
ab236774-7c94-4b7e-a32c-4c80e2061443,Elizabeth Davis,68,Male,Zhangburgh
beeda907-98b6-4e2b-8e38-ccd9dd502e8d,Catherine Robinson,59,Female,South Michaelstad
986de5a8-d12e-4ac7-ae8d-8a11f7da1b6a,Rachel Knapp,70,Male,Martinezmouth
e2a7b799-5313-46ca-9143-4d9e06722d79,Javier Rocha,74,Female,Dicksonmouth
2b73e344-d8a0-45c3-9864-b995ff272566,April Stephens,34,Male,Jeremyland
2f2f6fb8-29d8-4359-b802-1fc7dda7ff15,Lisa Rodriguez,57,Male,Port Christopherbury
8800d500-2e6e-4b8f-a9ca-13d37d4f4647,Kimberly Moore,46,Female,Wilsontown
8b990f49-6437-4890-8dbf-97e1e49391b2,Mary Nelson,43,Male,South Rosston
503549b3-b7f9-4cf5-88d0-16102155d724,Natasha Reese,31,Female,Christinashire
568c8733-b351-4801-875a-78aa40db5a11,Thomas Simmons,75,Male,Port Samuelberg
7445440e-61c6-4188-8e96-584c99f18e98,Sheila Williams,77,Male,Morganshire
6039d6f7-ca21-4573-8b9b-7c52bdfe983b,Lisa Collins,22,Male,Kingport
dc761d0c-4ffc-48bc-a4b3-7282490a7cdc,Dr. Christina Brown,24,Female,Lake Nicholas
352d1fda-a29a-40ae-99b5-6c25c3ac3091,Michael Morgan,65,Female,West Malloryberg
acb3d9db-7f5e-451e-949d-e8ef12486b28,Monique Arnold,48,Male,Ericshire
bd8fc0a1-a03f-4e64-98b5-4b50ebdbad27,Victor Mccoy,25,Female,New Rachelborough
325278bc-6ce1-4135-a02d-4f266b33c839,Angela Carr,22,Female,West Cassandraside
71e1f1cf-72a6-409f-88fd-77f3868c1957,Joshua Norris,64,Male,Lake Andrewhaven
cb79f386-a793-402b-a8da-6dd43a1817a9,Chelsea Baker,75,Male,Frenchhaven
58a4df48-83e6-4676-a6d9-8932d6bc2e3a,John Ward,57,Female,Lake Deborah
523450a7-5b52-4392-9778-c264995ad03e,Kristopher Williamson,54,Female,Lake Ryan
522b76df-62b0-4672-9e7e-5159a0c5c656,Laura Banks,64,Female,East Lisaborough
b5b1b534-42ca-4a13-9975-d9960a60c529,Tamara Parker,19,Male,Mcneilborough
c5d8eb63-dc21-41fc-8e38-4a8098204793,Michelle Bailey,53,Male,Robertburgh
9dbd2587-8c1c-40e3-9754-77271809a15e,Sharon Torres,22,Female,New Wendyfurt
1e1a9a42-66e6-498d-815d-a4cbf8961013,Susan Luna,74,Male,Gonzalesstad
757313a6-2aba-45a5-aef7-dad5e5f8d411,Matthew Gould,20,Male,Glennport
4aeef74d-91b4-47ee-9dfc-953e5537053e,Tina Ford,26,Female,Leonardshire
32eb0b54-baa0-4031-985f-c9c4d05e9098,Laura Chung,72,Female,East Courtneytown
fa7657c6-1275-4630-8d8e-6c9993d3b5a1,Eric Wilson,37,Female,Jasonhaven
4faadf46-71a5-4bf4-9450-b94959fcc6a2,Bruce Davis,20,Male,North Jeremyshire
ac5cf22d-6557-4b27-b1a2-a5671fcafdd1,Michelle Rollins,53,Female,Port Douglas
efa020d8-b68b-4e3a-9561-9cc5b51c8394,Lori Davis,61,Female,Port Robertland
7ab20a67-b397-452f-b2d3-7177baddfd92,Melanie Ross,71,Female,North Donnabury
2e2c07d2-646e-4583-80ec-b5e4f52de72d,Drew Castro,50,Female,North Staceyland
3aa12684-5ad6-4d70-9619-becf9f94bec9,Justin Rogers,65,Male,West Samanthachester
4ab69b02-11ac-4234-803c-ec83b856f5df,James Sandoval,35,Female,Valenciaborough
61be67c9-a886-45d3-8fb5-37c65fa757a3,Zachary Cooper,58,Female,East Saraton
161041a0-9a6d-4096-8a00-ba7fed029b5c,Ashley Hardy,79,Female,Port Pamela
316d8f01-08f3-4406-8bd3-d071f2ae4647,Natalie Mills,46,Male,Fernandoburgh
ee728672-127f-4869-aa47-df4f2e165e5c,Angel Taylor,56,Male,North Timothymouth
9997e5ce-052c-4469-aa63-1e7f0aae3d6c,Michelle Ellis,55,Female,Rhondafort
d4933efe-4f31-4588-94fe-0c6c92d10e69,Katherine Robles,71,Female,North Russell
e92bf894-ed5b-42d8-ac30-336a7258b1c8,Dr. James Dudley,20,Female,South Brett
5ca32a3b-f17a-4822-a0fa-7ac1fc933e37,Shawn Williams,23,Female,Steveton
6f7722d1-ac71-4e02-b38f-983b84f61cfa,Joshua Williams,73,Male,Georgefurt
30aec71b-e3b5-40a9-a0aa-b8500720de39,Danny Mcknight,56,Female,North Katherine
f3b19ad2-6df0-4793-a7c3-93edd10391b1,Allison Schmidt,52,Male,Francisburgh
77fc3d8a-cfc2-44ab-9b41-aff33b1b7d2b,Kelly Nichols,23,Female,New Brittany
e49e550b-0a27-4066-80c7-648fa110d201,Jillian Murphy,61,Male,North Scott
0b479392-26f1-461a-a4c6-f89854bb6f69,Beth Cruz,18,Female,West Kelly
2aa0d95d-dee8-417b-af9d-1da35bddc0b7,Jennifer Reese,36,Male,Joneston
267763f4-6166-4060-aaba-152d7134466c,Margaret Gonzalez,31,Male,Davieschester
ca1a44ee-bfe8-4bd4-97d5-4c9935dbb69c,Charles James,79,Male,Reesefort
5765f1bd-304f-4e8b-97fe-745dc83e9dd0,Garrett Barrett,73,Male,Lake Carriefurt
7cc36acb-62e8-4be5-8938-603174d9e5e8,Michael Hines,38,Male,South Richardmouth
a641306b-6a0c-4b54-aca2-6c740d23cfef,Robert Williams,47,Female,Lindaberg
ce75acf9-391f-4ac4-95eb-f664e60801dd,Sergio Gray,20,Female,Nicholasborough
4d6f44d6-4db0-4e78-b29f-5250557d42d4,Jonathan Shaw,41,Male,Craigland
48dde2cc-6863-408c-b85c-f914d41840d3,Christopher Greene,65,Male,East Aaronside
ab826088-db54-48b5-a420-963b20f34a9b,Jonathan Valencia,49,Female,East Daleport
417e5dcd-0762-4609-9b38-aec137c13922,Amanda Hall,69,Female,North Rebeccastad
c992b51b-1ac9-4cc9-8f60-601e48463eed,Alexander Johnson,39,Female,Howellhaven
a51f29e8-2292-4a4a-ad46-d40d89344b6f,Ms. Jennifer Myers DDS,63,Male,South Shelleyberg
d9df964d-715b-4ce0-94a5-bce643abf294,Kim Gray,36,Male,North Justin
9fa6a746-b62c-4495-af69-e281028b9b55,Joseph Young,51,Female,Richardland
91527faa-f978-4987-baa9-9c78d913a03a,Andrew Velazquez,67,Female,Cassandraton
0806001f-0bfc-4c60-b984-5cad3d18a601,Darrell Ward,43,Female,Johnchester
8e4b1908-511a-41fb-84c2-12ef92976bef,Matthew Morton,70,Female,North Kathy
65afa535-a702-4782-a307-123bf9c1b8fb,Joshua Castaneda,58,Female,New Jennifer
5f650db6-29a8-42ae-91c5-eaa2d562b83e,Scott Foster,27,Male,Thompsonfort
fa64dae2-12c8-4351-9272-6fb1813a2535,Ricardo Miller,31,Male,Chrisfort
424565e3-3d0f-4a36-ab23-e499b3f01145,Joshua Brown,72,Female,South Tammieburgh
c964b4e2-6e3e-4740-8627-7660d927f1fc,Adrian House,72,Male,Rebeccahaven
7321ec6f-45c2-450c-a9ba-f12541b0412f,Sean White,19,Female,Christineberg
ad2bc973-e4aa-4ffe-af99-7fbc7924b690,Andrew Powers,51,Female,New Lori
ab9df609-9c9c-4c54-a919-5ea08697f3e7,Madison Mitchell,31,Male,Charleston
5356c5d4-0a25-4a25-9f26-42428d35d9e0,Antonio Thomas,33,Male,Hernandezfort
54536a0f-f29e-4cbe-8743-6ec3d979159e,Ann Sweeney,45,Male,Scottview
9bbd476b-c7a4-4508-89c2-c0316b9a7146,Carrie Adkins,36,Male,Pamelaberg
912a9948-2471-420b-bfd4-196eb46fc651,Dr. Andre Brown DVM,43,Female,East Charlesfurt
d088a6ec-65f0-42cf-b236-b8b77394737e,Joshua Maxwell,53,Male,South Jessicaberg
ec9b3061-929d-4e37-bfec-8c9e44dcd194,Anna Young,74,Female,West Laura
781f5726-894e-4e7d-bd32-b2b7df321a49,Rachel Garcia,37,Male,Teresaside
0f5a321f-d029-46ec-9236-a32608a97592,Peter Trujillo,39,Male,Gabriellestad
ec94f19c-d37e-43d2-b111-1268d3862d83,Debbie Walker,62,Male,Paulchester
c457723f-f1e8-48b6-8416-b4e67c2a255c,Megan Lyons,20,Male,Rebeccamouth
a58ca343-4a9d-42db-87d1-f8cbd09436c1,Ruben Velazquez,66,Male,West Carolton
0f4447b1-0a9c-4d5b-8d01-694fee400ebf,Jennifer Williams,41,Male,Hernandezhaven
37cab599-a36c-49cd-b270-1d5dad1253d9,Steven Mclean,39,Male,Lake Cristian
1813dd3c-a214-4fd6-b9bf-77edcd233a50,Mrs. Christina Rodriguez MD,45,Female,Burnsborough
45730f8b-e62e-442b-9070-eedb67606a1f,Mary Montes,19,Male,South Staceyburgh
11f6e51d-4da3-4f4d-acbe-43b7935ccc33,Kelsey Pollard,46,Male,Catherineville
4a29eb6a-2e8d-4da3-9897-affad2891fad,Vickie Meyer,47,Male,Port Ryan
20782592-15f4-44c1-9be1-668e08642da1,Anita Miller,75,Female,East Justin
fb0b9bc5-c610-4178-a815-4caabd8f5c41,Robert Baird,39,Female,North Brittanyburgh
4c662cb4-391e-4fc2-aac4-8764b3e2b68a,Sara Johnson,80,Male,Tapiaview
471ae94a-7c93-4e10-9d24-6d0e146d3f1c,Stephen Gordon,72,Female,West Lori
01fa0511-d2fd-4081-8a31-5b516b5dddb9,Dustin Reyes,78,Female,East Karen
5700c84a-6e7d-4c5a-b46a-75dbf0189ea4,Elijah Cooper,42,Male,East Jason
